 Time,Time running in Terminal
1,263.825724304
2,250.527858918
3,250.404998317
4,251.577561269
5,252.233839529
6,251.489432944
7,250.744891283
8,251.863464089
9,251.024423774
Average,
